Company,Report URL,Type of Report,Year Published,Industry,Geography,Status,SDGs,TNFD,TCFD,GRI,UN_SDGs,SFDR,NFRD,NGFS,UNGC,SASB,TCFD_QA
Wolfspeed,https://assets.wolfspeed.com/uploads/2022/10/Wolfspeed_Sustainability_Report_2022.pdf,"TCFD,SASB,GRI,UN_SDGs",2022,"Energy Equipment and Services, Manufacturing",United States of America,1,0,0,1,1,1,0,0,0,0,1,1
WEC Energy Group,https://www.wecenergygroup.com/csr/cr2020/wec-corporate-responsibility-report-2020.pdf#pagemode=bookmarks,"SASB,TCFD,GRI",2020,Electric and Gas Utilities,United States of America,1,0,0,1,1,0,0,0,0,0,1,0
Vistra,https://www.vistracorp.com/wp-content/uploads/2021/05/2020-sustainability-report.pdf,"GRI,SASB,TCFD",2020,Electric and Gas Utilities,United States of America,1,0,0,1,1,0,0,0,0,0,1,0
Vale,http://www.vale.com/EN/investors/information-market/annual-reports/sustainability-reports/Sustainability%20Reports/Relatorio_sustentabilidade_vale_2019_alta_en.pdf,GRI,2019,Metals and Mining,Brazil,1,0,0,0,1,0,0,0,0,0,0,0
Ultrapar,http://www.ultra.com.br/Ultra/relatorio/2019/en/Ultra_Group_Integrated_Report_2019.pdf,GRI,2019,Oil and Gas,Brazil,1,0,0,0,1,0,0,0,0,0,0,0
UBS,https://www.ubs.com/global/en/investor-relations.html,GRI,2020,Banks,Switzerland,1,0,0,0,1,0,0,0,0,0,0,0
Toyota,https://global.toyota/pages/global_toyota/sustainability/report/er/er20_en.pdf,"GRI,TCFD,SASB",2020,Automobiles and Components,Japan,1,0,0,1,1,0,0,0,0,0,1,0
Tokio Marine Holdings,https://www.tokiomarinehd.com/en/ir/download/pqde2o0000001atk-att/sustainability_web_2019.pdf,GRI,2020,Insurance,Japan,1,0,0,0,1,0,0,0,0,0,0,0
Tokio Marine Holdings,https://www.tokiomarinehd.com/en/ir/download/k82ffv0000005vm5-att/sustainability_web_2020.pdf,GRI,2019,Insurance,Japan,1,0,0,0,1,0,0,0,0,0,0,0
Telus,https://downloads.ctfassets.net/rz9m1rynx8pv/7tWCScT9rlQnDddyU1CFq2/4c8e6235bd505e3cbb41608d5c77ce40/TELUS_Sustainability__Report_2021.pdf,GRI,2020,IT and Communications Services,Canada,1,0,0,0,1,0,0,0,0,0,0,0
TD Bank,https://www.td.com/document/PDF/ESG/2020-ESG-Report.pdf,"GRI,SASB",2020,Banks,Canada,1,0,0,0,1,0,0,0,0,0,1,0
Suzano,https://r2020.suzano.com.br/wp-content/uploads/2021/05/SuzanoReport2020.pdf,"GRI,SASB",2020,"Paper, Packaging and Forest Products",Brazil,1,0,0,0,1,0,0,0,0,0,1,0
Sun Life Financial,https://www.sunlife.com/content/dam/sunlife/regional/global-marketing/documents/com/sustainability-report-2020-e.pdf,"GRI,SASB",2020,Insurance,Canada,1,0,0,0,1,0,0,0,0,0,1,0
SSE,https://www.sse.com/investors/reports-and-results/?year=2018/18,SASB,2022,Electric and Gas Utilities,United Kingdom,1,0,0,0,0,0,0,0,0,0,1,0
SSE,https://www.sse.com/investors/reports-and-results/?year=2018/16,SASB,2021,Electric and Gas Utilities,United Kingdom,1,0,0,0,0,0,0,0,0,0,1,0
Siemens,https://assets.new.siemens.com/siemens/assets/api/uuid:16c327d3-3e02-427e-952f-e7f610d954fe/siemens-sustainability-information-2019.pdf,"GRI,TCFD",2020,Health Care Equipment and Services,Germany,1,0,0,1,1,0,0,0,0,0,0,1
Siemens,https://assets.new.siemens.com/siemens/assets/api/uuid:13f56263-0d96-421c-a6a4-9c10bb9b9d28/sustainability2020-en.pdf,"GRI,TCFD",2020,Health Care Equipment and Services,Germany,1,0,0,1,1,0,0,0,0,0,0,1
Schlumberger,https://www.slb.com/sustainability/pdf/SLB_2020_Sustainability_Report.pdf,"TCFD,SASB",2020,Oil and Gas,United States of America,1,0,0,1,0,0,0,0,0,0,1,1
RWE,https://www.rwe.com/-/media/RWE/documents/09-verantwortung-nachhaltigkeit/cr-berichte/EN/cr-report-2020.pdf,GRI,2020,Electric and Gas Utilities,Germany,1,0,0,0,1,0,0,0,0,0,0,0
Royal Dutch Shell,https://reports.shell.com/sustainability-report/2020/servicepages/downloads/files/shell-sustainability-report-2020.pdf,GRI,2020,Oil and Gas,Netherlands,1,0,0,0,1,0,0,0,0,0,0,0
Royal Dutch Shell,https://reports.shell.com/sustainability-report/2019/servicepages/downloads/files/shell_sustainability_report_2019.pdf,GRI,2019,Oil and Gas,Netherlands,1,0,0,0,1,0,0,0,0,0,0,0
Rockefeller Asset Management,https://rcmbrand.rockco.com/wp-content/uploads/2021/04/Rockefeller-Sustainable-Investing-Annual-Report-2020-1.pdf,"TCFD,SASB",2020,Asset Managers,United States of America,1,0,0,1,0,0,0,0,0,0,1,0
Rockefeller Asset Management,https://rcm.rockco.com/insights_item/rockefeller-asset-management-2019-esg-annual-report/,SASB,2020,Asset Managers,United States of America,1,0,0,0,0,0,0,0,0,0,1,0
Prudential,https://www.prudentialplc.com/~/media/Files/P/Prudential-V3/reports/2020/esg-report-2020.pdf,TCFD,2020,Insurance,United Kingdom,1,0,0,1,0,0,0,0,0,0,0,1
Prudential,https://www.prudentialplc.com/~/media/Files/P/Prudential-V3/reports/2019/esg-report-2019.pdf,TCFD,2020,Insurance,United Kingdom,1,0,0,1,0,0,0,0,0,0,0,1
Prudential,https://www.prudentialplc.com/~/media/Files/P/Prudential-V3/reports/2018/esg-report-2018.pdf,TCFD,2020,Insurance,United Kingdom,1,0,0,1,0,0,0,0,0,0,0,0
PPL Corporation,https://www.pplweb.com/wp-content/uploads/2021/05/PPL-2020-Corporate-Sustainability-Report.pdf,GRI,2020,Electric and Gas Utilities,United States of America,1,0,0,0,1,0,0,0,0,0,0,0
Petrobras,https://api.mziq.com/mzfilemanager/v2/d/25fdf098-34f5-4608-b7fa-17d60b2de47d/bc68ff60-68af-8fea-e1f2-147561547e52?origin=1,GRI,2020,Oil and Gas,Brazil,1,0,0,0,1,0,0,0,0,0,0,0
Petrobras,https://api.mziq.com/mzfilemanager/v2/d/25fdf098-34f5-4608-b7fa-17d60b2de47d/26874544-9d7c-68f6-b9e0-006146e13185?origin=1,GRI,2019,Oil and Gas,Brazil,1,0,0,0,1,0,0,0,0,0,0,0
Orsted,https://orstedcdn.azureedge.net/-/media/annual2019/esg-performance-report-2019.ashx?la=en&#038;rev=15282e6191c34fbe98e7fa764ad575ae&#038;hash=73309FB4BFF9E831A63B2929A7BB3674,,2020,Electric and Gas Utilities,Denmark,1,0,0,0,0,0,0,0,0,0,0,0
Orsted,https://orsted.com/-/media/annual2019/Sustainability-report-2019-online-version.pdf,,2020,Electric and Gas Utilities,Denmark,1,0,0,0,0,0,0,0,0,0,0,0
Orica,https://www.orica.com/Investor-Centre/company-reports#.YQKGkI5Kj84,TCFD,2020,Construction Materials,Australia,1,0,0,1,0,0,0,0,0,0,0,0
OMV Group,https://omv.online-report.eu/en/sustainability-report/2020/servicepages/downloads/files/entire-omv-sr20.pdf,GRI,2020,Oil and Gas,Austria,1,0,0,0,1,0,0,0,0,0,0,0
OMV Group,https://www.omv.com/services/downloads/00/omv.com/1522187582080/dload_Sustainability%20Report%202019_new_en,GRI,2020,Oil and Gas,Austria,1,0,0,0,1,0,0,0,0,0,0,0
OMV Group,https://www.omv.com/services/downloads/00/omv.com/1522185481528/dload_Sustainability%20Report%202018_en,GRI,2020,Oil and Gas,Austria,1,0,0,0,1,0,0,0,0,0,0,0
NRG Energy,https://www.nrg.com/assets/documents/sustainability/2020-nrg-sustainability.pdf,"TCFD,SASB",2020,Electric and Gas Utilities,United States of America,1,0,0,1,0,0,0,0,0,0,1,0
Novatek,https://www.novatek.ru/common/upload/doc/NOVATEK_SR_2020_ENG.pdf,"GRI,SASB,TCFD",2020,Oil and Gas,Russia,1,0,0,1,1,0,0,0,0,0,1,1
Novatek,https://www.novatek.ru/common/upload/doc/2023/NOVATEK_SR_2022_ENG.pdf,"GRI,SASB,TCFD",2020,Oil and Gas,Russia,1,0,0,1,1,0,0,0,0,0,1,1
Novartis,https://www.novartis.com/sites/www.novartis.com/files/novartis-in-society-report-2020.pdf,"GRI,SASB,TCFD",2022,Pharmaceutical,Switzerland,1,0,0,1,1,0,0,0,0,0,1,1
Nordea Bank,https://www.nordea.com/Images/33-353222/nordea-sustainability-report-2019.pdf,"GRI,TCFD",2020,Banks,Finland,1,0,0,1,1,0,0,0,0,0,0,0
New Relic,https://newrelic.com/sites/default/files/2023-07/NewRelic-ImpactReport-2023-FINAL.pdf,"GRI,SASB,TCFD",2023,Services,United States of America,1,0,0,1,1,0,0,0,0,0,1,0
Nestle,https://www.nestle.com/sites/default/files/2021-03/creating-shared-value-report-2020-en.pdf,GRI,2020,Packaged Foods and Meats,Switzerland,1,0,0,0,1,0,0,0,0,0,0,0
Moody&#8217;s,https://www.moodys.com/sites/products/ProductAttachments/CSR/Moodys_2019_CSR_Report.pdf,"GRI,SASB,TCFD",2020,Commercial and Professional Services,United States of America,1,0,0,1,1,0,0,0,0,0,1,1
Maersk,https://investor.maersk.com/static-files/76f5d65d-13eb-4604-b9fa-c10bf51d8ff1,"TCFD,SASB",2020,Maritime Transportation,Denmark,1,0,0,1,0,0,0,0,0,0,1,0
Maersk,https://investor.maersk.com/static-files/7159c0ac-f547-465b-bc64-1dc05c6a7fd5,TCFD,2019,Maritime Transportation,Denmark,1,0,0,1,0,0,0,0,0,0,0,1
Maersk,https://investor.maersk.com/static-files/57bf2e50-075d-49f2-a94c-129e68e407cc,TCFD,2018,Maritime Transportation,Denmark,1,0,0,1,0,0,0,0,0,0,0,1
Landsec,https://landsec.com/sites/default/files/2021-06/Landsec_Sustainability_PerformanceAndDataReport_2021_Final.pdf,"GRI,SASB,TCFD",2020,Real Estate Management and Development,United Kingdom,1,0,0,1,1,0,0,0,0,0,1,1
Landsec,https://landsec.com/sites/default/files/2020-06/Sustainability%20Performance%20and%20Data%20Report%202020.pdf,TCFD,2020,Real Estate Management and Development,United Kingdom,1,0,0,1,0,0,0,0,0,0,0,1
Landsec,https://landsec.com/sites/default/files/2019-06/Landsec_Sustainability_Performance_Data_2019.pdf,TCFD,2019,Real Estate Management and Development,United Kingdom,1,0,0,1,0,0,0,0,0,0,0,1
JP Morgan Chase,https://www.jpmorganchase.com/content/dam/jpmc/jpmorgan-chase-and-co/documents/jpmc-esg-report-2020.pdf,"GRI,SASB,TCFD",2020,Banks,United States of America,1,0,0,1,1,0,0,0,0,0,1,0
JP Morgan Chase,https://www.jpmorganchase.com/content/dam/jpmc/jpmorgan-chase-and-co/documents/jpmc-cr-esg-report-2019.pdf,"GRI,SASB,TCFD",2019,Banks,United States of America,1,0,0,1,1,0,0,0,0,0,1,0
Intesa Sanpaolo,https://group.intesasanpaolo.com/content/dam/portalgroup/repository-documenti/sostenibilt%C3%A0/dcnf-2020/eng/Consolidated_Non_Financial_Statement_2020.pdf,"TCFD, GRI, SASB",2020,Banks,Italy,1,0,0,1,1,0,0,0,0,0,1,0
Intesa Sanpaolo,https://group.intesasanpaolo.com/content/dam/portalgroup/repository-documenti/sostenibilt%C3%A0/dcnf-2019/eng/DCNF%202019_en.pdf,"TCFD, GRI, SASB",2020,Banks,Italy,1,0,0,1,1,0,0,0,0,0,1,0
Hitachi,https://www.hitachi.com/sustainability/download/pdf/en_sustainability2020_print.pdf,GRI,2020,IT and Communications Services,Japan,1,0,0,0,1,0,0,0,0,0,0,0
Hitachi,https://www.hitachi.com/sustainability/download/pdf/en_sustainability2019.pdf,GRI,2020,IT and Communications Services,Japan,1,0,0,0,1,0,0,0,0,0,0,0
Hera Group,https://eng.gruppohera.it/group_eng/sustainability/sustainability-report/sr,GRI,2020,Multi-Utilities,Italy,1,0,0,0,1,0,0,0,0,0,0,0
Hera Group,https://eng.gruppohera.it/documents/1514726/5146282/Sustainability+Report+2019.pdf/a50e7b3b-82b7-5dcb-3573-947450a6b824?t=1610711671817,GRI,2020,Multi-Utilities,Italy,1,0,0,0,1,0,0,0,0,0,0,0
Goldman Sachs,https://www.goldmansachs.com/our-commitments/sustainability/sustainable-finance/documents/reports/2020-sustainability-report.pdf,SASB,2020,Banks,United States of America,1,0,0,0,0,0,0,0,0,0,1,0
Goldman Sachs,https://www.goldmansachs.com/our-commitments/sustainability/sustainable-finance/documents/reports/2019-sustainability-report.pdf,SASB,2020,Banks,United States of America,1,0,0,0,0,0,0,0,0,0,1,0
Fujitsu,https://www.fujitsu.com/global/documents/about/resources/reports/sustainabilityreport/2020-report/fujitsudatabook2020-e.pdf,"GRI, UNGC",2020,IT and Communications Services,Japan,1,0,0,0,1,0,0,0,0,1,0,0
Fujitsu,https://www.fujitsu.com/global/documents/about/resources/reports/sustainabilityreport/2019-report/fujitsudatabook201901-e.pdf,"GRI, UNGC",2020,IT and Communications Services,Japan,1,0,0,0,1,0,0,0,0,1,0,0
Fortum Oyj,https://www.fortum.com/about-us/investors/reports-and-presentations?f1896946=category:801;year:2020,"TCFD, GRI",2020,Electric and Gas Utilities,Finland,1,0,0,1,1,0,0,0,0,0,0,0
Ford,https://corporate.ford.com/microsites/integrated-sustainability-and-financial-report-2021/files/ir21.pdf,TCFD,2020,Automobiles and Components,United States of America,1,0,0,1,0,0,0,0,0,0,0,0
Folksam,https://nyhetsrum.folksam.se/en/files/2021/05/S4342_Ars_hallbarhetsrapport_2020_ENG_Final.pdf,GRI,2020,Insurance,Sweden,1,0,0,0,1,0,0,0,0,0,0,0
ENEOS Holdings,https://ssl4.eir-parts.net/doc/5020/ir_material_for_fiscal_ym9/92338/00.pdf,GRI,2020,Oil and Gas,Japan,1,0,0,0,1,0,0,0,0,0,0,0
Enel,https://www.enel.com/content/dam/enel-com/documenti/investitori/sostenibilita/2019/sustainability-report_2019.pdf,GRI,2020,Electric and Gas Utilities,Italy,1,0,0,0,1,0,0,0,0,0,0,0
EDP Energias do Brasil,https://s3.amazonaws.com/mz-filemanager/fdc31e8d-cd08-47c5-8b5c-3f120d561d2b/f7b023e2-f88e-428f-b00f-5f63b7fee751_EDP_RA2019.2.EN.pdf,GRI,2020,Electric and Gas Utilities,Brazil,1,0,0,0,1,0,0,0,0,0,0,0
DS Smith,https://www.dssmith.com/sustainability/reporting-hub/sustainabilityreport,"GRI, SASB",2020,"Paper, Packaging and Forest Products",United Kingdom,1,0,0,0,1,0,0,0,0,0,1,0
DNB Asset Management,https://dnb-asset-management.s3.amazonaws.com/ESG-SRI-pdf/DNB-Asset-Management-Responsible-Investments-Report-2019.pdf?mtime=20200323100322&#038;focal=none,TCFD,2020,Asset Managers,Norway,1,0,0,1,0,0,0,0,0,0,0,0
Deutsche Bank,https://www.db.com/ir/en/download/Non-Financial_Report_2020.pdf,"GRI, SASB",2020,Banks,Germany,1,0,0,0,1,0,0,0,0,0,1,0
Delta,https://www.delta.com/content/dam/delta-www/about-delta/corporate-responsibility/2020-esg-report.pdf,"TCFD, SASB",2020,Passenger Air Transportation,United States of America,1,0,0,1,0,0,0,0,0,0,1,0
DBS,https://www.dbs.com/iwov-resources/images/sustainability/reporting/pdf/DBS%20Sustainability%20Report%202019%2020200306.pdf?pid=sg-group-pweb-sustainability-pdf-dbs-sustainability-report-2019,GRI,2020,Banks,Singapore,1,0,0,0,1,0,0,0,0,0,0,0
Croda International,https://www.croda.com/en-gb/investors/annual-report#,TCFD,2020,Chemicals,United Kingdom,1,0,0,1,0,0,0,0,0,0,0,0
Credit Suisse,https://www.credit-suisse.com/about-us/en/reports-research/annual-reports.html,TCFD,2020,Banks,Switzerland,1,0,0,1,0,0,0,0,0,0,0,0
CPP Investments,https://cdn3.cppinvestments.com/wp-content/uploads/2020/11/CPP-Investments-2020-SI-Report-EN-Optimized.pdf,TCFD,2020,Asset Managers,Canada,1,0,0,1,0,0,0,0,0,0,0,1
Coca-Cola Company,https://d1io3yog0oux5.cloudfront.net/cocacolacompany/files/pages/cocacolacompany/db/761/description/coca-cola-business-environmental-social-governance-report-2020.pdf,"GRI, UNGC",2020,Beverages,United States of America,1,0,0,0,1,0,0,0,0,1,0,0
Coca-Cola Company,https://www.coca-colacompany.com/content/dam/journey/us/en/reports/coca-cola-business-and-sustainability-report-2019.pdf,"GRI, UNGC",2020,Beverages,United States of America,1,0,0,0,1,0,0,0,0,1,0,0
City Developments Limited,https://www.cdlsustainability.com/pdf/CDL_ISR_2021.pdf,"TCFD, GRI, SASB",2020,Real Estate Management and Development,Singapore,1,0,0,1,1,0,0,0,0,0,1,0
Braskem,https://www.braskem.com.br/portal/Principal/arquivos/relatorio-anual/2019/BRASKEM_RAS2019_ingles.pdf,GRI,2020,Chemicals,Brazil,1,0,0,0,1,0,0,0,0,0,0,0
Barclays,https://home.barclays/content/dam/home-barclays/documents/citizenship/ESG/Barclays-PLC-ESG-Report-2019.pdf,"GRI, SASB",2020,Banks,United Kingdom,1,0,0,0,1,0,0,0,0,0,1,0
Barclays,https://home.barclays/content/dam/home-barclays/documents/citizenship/ESG/Barclays-ESG-2018.pdf,"GRI, SASB",2020,Banks,United Kingdom,1,0,0,0,1,0,0,0,0,0,1,0
Barclays,https://home.barclays/content/dam/home-barclays/documents/investor-relations/reports-and-events/annual-reports/2017/Barclays-PLC-ESG-Report-2017.pdf,"GRI, SASB",2020,Banks,United Kingdom,1,0,0,0,1,0,0,0,0,0,1,0
Bancolombia,https://www.tcfdhub.org/wp-content/uploads/2021/10/Integrated-Annual-report-_2020.pdf,"GRI, SDGs",2020,Banks,Colombia,1,1,0,0,1,0,0,0,0,0,0,0
Banco Bradesco,https://api.mziq.com/mzfilemanager/v2/d/80f2e993-0a30-421a-9470-a4d5c8ad5e9f/d3918ac9-5a9c-7c60-9680-6bf558545b0d?origin=1,"GRI, SASB",2020,Banks,Brazil,1,0,0,0,1,0,0,0,0,0,1,0
Aurizon,https://www.aurizon.com.au/sustainability,TCFD,2020,Rail Transportation,Australia,1,0,0,1,0,0,0,0,0,0,0,0
APG,https://apg.nl/media/z0pduvmd/en-apg-responsible-investment-report-2019-2020_1.pdf,"TCFD, GRI, SASB, UNGC",2020,Asset Owners,Netherlands,1,0,0,1,1,0,0,0,0,1,1,0
Allianz Group,https://www.allianz.com/content/dam/onemarketing/azcom/Allianz_com/sustainability/documents/Allianz_Group_Sustainability_Report_2020-web.pdf,"TCFD, GRI",2020,Diversified Financials,Germany,1,0,0,1,1,0,0,0,0,0,0,0
Allianz Group,https://www.allianz.com/content/dam/onemarketing/azcom/Allianz_com/sustainability/documents/Allianz_Group_Sustainability_Report_2019-web.pdf,"TCFD, GRI",2020,Diversified Financials,Germany,1,0,0,1,1,0,0,0,0,0,0,0
Adani Transmission Limited,https://www.tcfdhub.org/wp-content/uploads/2021/12/ATL_Intigrated-Annual-Report_FY21.pdf,"TCFD, GRI",2020,Electric and Gas Utilities,India,1,0,0,1,1,0,0,0,0,0,0,0
Adani Power Limited,https://www.adanipower.com/-/media/Project/Power/Sustainability/documents/Adani-ESG_REPORT-2019-20.pdf,"TCFD, GRI, UNGC, SDGs",2020,Electric and Gas Utilities,India,1,1,0,1,1,0,0,0,0,1,0,0
Adani Power Limited,https://www.adanipower.com/-/media/Project/Power/Sustainability/documents/Adani-Power-ESG-Report.pdf,"TCFD, GRI, UNGC, SDGs",2020,Electric and Gas Utilities,India,1,1,0,1,1,0,0,0,0,1,0,0
Adani Ports and SEZ Limited,https://www.adaniports.com/-/media/Project/Ports/Sustainability/APSEZ_-Information-Memorandum-on-ESG.pdf?la=en&#038;hash=730352768A247E0656CBCD00BF75B4D7,"TCFD, GRI, UNGC, SDGs",2020,Maritime Transportation,India,1,1,0,1,1,0,0,0,0,1,0,0
Adani Green Energy Limited,https://www.adanigreenenergy.com/-/media/Project/GreenEnergy/Sustainability/latest-report.pdf,"GRI, SASB, TCFD, UN_SDGs",2020,Electric and Gas Utilities,India,1,0,0,1,1,1,0,0,0,0,1,0
Acciona,https://annualreport2020.acciona.com/pdfs/sust-report-acciona20.pdf,"TCFD, GRI",2020,Electric and Gas Utilities,Spain,1,0,0,1,1,0,0,0,0,0,0,0
Acciona,https://mediacdn.acciona.com/media/vxrnznlo/sustainability-report-2019.pdf#_ga=2.85941531.389091049.1626364574-737161753.1626364574,"TCFD, GRI",2020,Electric and Gas Utilities,Spain,1,0,0,1,1,0,0,0,0,0,0,0
Acciona,https://mediacdn.acciona.com/media/jtdjkt5p/sustainability-report_2018.pdf,"TCFD, GRI",2020,Electric and Gas Utilities,Spain,1,0,0,1,1,0,0,0,0,0,0,0
AcBel Polytech,https://www.acbel.com.tw/en/csr-report-download,"GRI, SASB",2020,Capital Goods,Taiwan,1,0,0,0,1,0,0,0,0,0,1,0
AC Energy Corporation,https://acenergy.ph/IR2020/pdf/ACEN_2020_Integrated_Report_for_web.pdf,TCFD,2020,Electric and Gas Utilities,Philippines,1,0,0,1,0,0,0,0,0,0,0,0
Aberdeen Standard Investments,https://www.aberdeenstandard.com/docs?documentId=GB-220720-121760-2,TCFD,2020,Asset Managers,United Kingdom,1,0,0,1,0,0,0,0,0,0,0,0
Abac Capital,https://www.abaccapital.com/wp-content/uploads/2021/05/Abac-Capital-Sustainability-Report-2020.pdf,TCFD,2020,Asset Managers,Spain,1,0,0,1,0,0,0,0,0,0,0,0
3M,https://multimedia.3m.com/mws/media/2006066O/2021-sustainability-report.pdf,"GRI, SASB, UNGC",2020,Capital Goods,United States of America,1,0,0,0,1,0,0,0,0,1,1,0
3M,https://multimedia.3m.com/mws/media/1836747O/2020-sustainability-report.pdf,"GRI, SASB, UNGC",2020,Capital Goods,United States of America,1,0,0,0,1,0,0,0,0,1,1,0
Zurich,https://www.zurich.co.uk/-/media/project/zwp/united-kingdom/docs/about-us/cr/zurich_climatewise_report_2020.pdf,TCFD,2020,Insurance,Switzerland,1,0,0,1,0,0,0,0,0,0,0,0
Zurich,https://www.zurich.co.uk/-/media/project/zwp/united-kingdom/docs/about-us/cr/zurich_climatewise_report_2019.pdf,TCFD,2019,Insurance,Switzerland,1,0,0,1,0,0,0,0,0,0,0,0
WEC Energy Group,https://www.wecenergygroup.com/csr/climate-report.pdf,TCFD,2019,Electric and Gas Utilities,United States of America,1,0,0,1,0,0,0,0,0,0,0,0
Vodafone,https://investors.vodafone.com/sites/vodafone-ir/files/2021-05/vodafone-tcfd-report-2021.pdf,TCFD,2021,IT and Communications Services,United Kingdom,1,0,0,1,0,0,0,0,0,0,0,0
Vistra,https://www.vistracorp.com/wp-content/uploads/2020/11/VST-2020-Climate-Report.pdf,TCFD,2020,Electric and Gas Utilities,United States of America,1,0,0,1,0,0,0,0,0,0,0,0
Valero Energy,https://s23.q4cdn.com/587626645/files/doc_downloads/esg_reports/Review_of_Climate-Related_Risks_and_Opportunities_Web.pdf,TCFD,2018,Oil and Gas,United States of America,1,0,0,1,0,0,0,0,0,0,0,0
TotalEnergies,https://totalenergies.com/sites/g/files/nytnzq121/files/documents/2020-10/total-climate-report-2020.pdf,TCFD,2020,Oil and Gas,France,1,0,0,1,0,0,0,0,0,0,0,0
TD Bank,https://www.td.com/document/PDF/ESG/2020-TCFD-Report.pdf,TCFD,2020,Banks,Canada,1,0,0,1,0,0,0,0,0,0,0,1
Taiwan Semiconductor Manufacturing Company (TSMC),https://esg.tsmc.com/download/file/2022-TCFDReport-e.pdf,TCFD,2023,Manufacturing,Taiwan,1,0,0,1,0,0,0,0,0,0,0,1
SThree Plc,https://www.tcfdhub.org/wp-content/uploads/2022/06/39322-SThree-TCFD-Report-PF2_23.02.22.pdf,"TCFD, NGFS",2022,Recruiting,United Kingdom,1,0,0,1,0,0,0,0,1,0,0,0
Standard Chartered,https://av.sc.com/corp-en/content/docs/tcfd-climate-change-disclosure.pdf,TCFD,2020,Banks,United Kingdom,1,0,0,1,0,0,0,0,0,0,0,1
Société Générale,https://www.societegenerale.com/sites/default/files/documents/2020-12/societe-generale-climate-disclosure-report.pdf,"TCFD, NFRD",2020,Banks,France,1,0,0,1,0,0,0,1,0,0,0,0
SK hynix,https://mis-prod-koce-homepage-cdn-01-blob-ep.azureedge.net/web/attach/4325948666031769.pdf,TCFD,2022,Manufacturing,South Korea,1,0,0,1,0,0,0,0,0,0,0,0
Santander Group,https://www.santander.com/content/dam/santander-com/en/documentos/informe-anual-de-sostenibilidad/2020/ias-2020-climate-finance-2020-21-en.pdf,TCFD,2021,Banks,Spain,1,0,0,1,0,0,0,0,0,0,0,0
Santander Group,https://www.santander.com/content/dam/santander-com/en/documentos/informe-anual-de-sostenibilidad/2019/ias-2019-climate-finance-2019-20-en.pdf,TCFD,2020,Banks,Spain,1,0,0,1,0,0,0,0,0,0,0,0
Salesforce,https://s23.q4cdn.com/574569502/files/doc_downloads/2021/10/Salesforce-TCFD-Report.pdf,TCFD,2021,IT and Communications Services,United States of America,1,0,0,1,0,0,0,0,0,0,0,0
Royal Bank of Canada,https://www.rbc.com/community-social-impact/_assets-custom/pdf/RBC-TCFD-Report-2020.PDF,TCFD,2020,Banks,Canada,1,0,0,1,0,0,0,0,0,0,0,0
Royal Bank of Canada,https://www.rbc.com/community-social-impact/_assets-custom/pdf/RBC-TCFD-Report-2019.PDF,TCFD,2019,Banks,Canada,1,0,0,1,0,0,0,0,0,0,0,0
Rio Tinto,https://www.riotinto.com/-/media/Content/Documents/Invest/Reports/Climate-Change-reports/RT-climate-report-2020.pdf?rev=c415a8138bd7408496ccb3834511abc0,TCFD,2020,Metals and Mining,United Kingdom,1,0,0,1,0,0,0,0,0,0,0,0
Renault,https://www.renaultgroup.com/wp-content/uploads/2021/04/climate-report-renault-group.pdf,TCFD,2021,Automobiles and Components,France,1,0,0,1,0,0,0,0,0,0,0,0
Regency Centres,https://regcorpweb.blob.core.windows.net/sitefinityfiles/docs/default-source/corporate-responsibility/2020-tcfd-report.pdf?sfvrsn=f3b73e48_2,TCFD,2020,Asset Managers,United States of America,1,0,0,1,0,0,0,0,0,0,0,0
RBC Global Asset Management,https://www.rbcgam.com/documents/en/other/2020-rbc-gam-tcfd-report.pdf,TCFD,2020,Asset Managers,Canada,1,0,0,1,0,0,0,0,0,0,0,0
QBE,https://www.qbe.com/sustainability/climate-change,TCFD,2021,Insurance,Austria,1,0,0,1,0,0,0,0,0,0,0,0
PhosAgro,https://www.phosagro.com/upload/iblock/e15/e15bf1098983dd8976a69b3e55184580.pdf,TCFD,2020,Chemicals,Russia,1,0,0,1,0,0,0,0,0,0,0,0
Petrobras,https://api.mziq.com/mzfilemanager/v2/d/25fdf098-34f5-4608-b7fa-17d60b2de47d/213aa8f9-2bfc-0b3b-afd0-195d22555f27?origin=1,TCFD,2020,Oil and Gas,Brazil,1,0,0,1,0,0,0,0,0,0,0,0
Nedbank Group,https://www.nedbank.co.za/content/dam/nedbank/site-assets/AboutUs/Information%20Hub/Integrated%20Report/2021/2020%20Nedbank%20Group%20TCFD%20Report%20(single%20page).pdf,TCFD,2020,Banks,South Africa,1,0,0,1,0,0,0,0,0,0,0,1
NatWest Group,https://investors.natwestgroup.com/~/media/Files/R/RBS-IR-V2/results-center/19022021/2020-climate-related-disclosure-report.pdf,TCFD,2020,Banks,United Kingdom,1,0,0,1,0,0,0,0,0,0,0,1
Mizuho Financial Group,https://www.mizuhogroup.com/binaries/content/assets/pdf/mizuhoglobal/sustainability/overview/report/tcfd_report.pdf,TCFD,2020,Banks,Japan,1,0,0,1,0,0,0,0,0,0,0,1
Marathon Petroleum,https://www.marathonpetroleum.com/content/documents/Responsibility/2020-MPC-MPLX-ClimateReport.pdf,TCFD,2020,Oil and Gas,United States of America,1,0,0,1,0,0,0,0,0,0,0,0
Macquarie Group,https://www.macquarie.com/assets/macq/impact/esg/policies/fy21-tcfd-implementation-progress-and-scenario-analysis.pdf,TCFD,2021,Banks,Australia,1,0,0,1,0,0,0,0,0,0,0,0
Macquarie Group,https://www.macquarie.com/assets/macq/impact/esg/policies/tcfd-implementation-progress-and-scenario-analysis-fy20.pdf,TCFD,2020,Banks,Australia,1,0,0,1,0,0,0,0,0,0,0,0
Legal &#038; General,https://group.legalandgeneral.com/media/0i2agi1s/fy2020-lg-tcfd-report.pdf,TCFD,2020,Insurance,United Kingdom,1,0,0,1,0,0,0,0,0,0,0,0
Lazard Asset Management,https://www.lazardassetmanagement.com/docs/-m0-/118602/TaskForceOnClimate-RelatedFinancial_en.pdf,TCFD,2021,Asset Managers,United States of America,1,0,0,1,0,0,0,0,0,0,0,0
Landsec,https://landsec.com/sites/default/files/2021-06/Net%20Zero%20Carbon%20Pathway_FINAL.pdf,TCFD,2021,Real Estate Management and Development,United Kingdom,1,0,0,1,0,0,0,0,0,0,0,0
JP Morgan Chase,https://www.jpmorganchase.com/content/dam/jpmc/jpmorgan-chase-and-co/documents/jpmc-cr-climate-report-2019.pdf,TCFD,2019,Banks,United States of America,1,0,0,1,0,0,0,0,0,0,0,0
Investor AB,https://www.investorab.com/media/wiid2rbh/climate-report-2020.pdf,TCFD,2020,Asset Managers,Sweden,1,0,0,1,0,0,0,0,0,0,0,0
ING Groep,https://www.ing.com/Sustainability/Sustainable-business/Terra-approach.htm,TCFD,2020,Banks,Netherlands,1,0,0,1,0,0,0,0,0,0,0,0
HSBC Holdings,https://www.hsbc.com/esg,TCFD,2020,Banks,United Kingdom,1,0,0,1,0,0,0,0,0,0,0,1
GPT Group,https://www.gpt.com.au/sites/default/files/2021-02/Climate%20Disclosure%20Statement.pdf,TCFD,2021,Real Estate Management and Development,Australia,1,0,0,1,0,0,0,0,0,0,0,0
GPT Group,https://www.gpt.com.au/sites/default/files/document/GPT%202020%20TCFD%20Climate%20Disclosure_3.pdf,TCFD,2020,Real Estate Management and Development,Australia,1,0,0,1,0,0,0,0,0,0,0,0
Goldman Sachs,https://www.goldmansachs.com/investor-relations/corporate-governance/sustainability-reporting/tcfd.pdf,TCFD,2019,Banks,United States of America,1,0,0,1,0,0,0,0,0,0,0,0
Goldfields,https://www.goldfields.com/pdf/investors/integrated-annual-reports/2020/tcfd-report-2020-gold-fields.pdf,TCFD,2020,Metals and Mining,South Africa,1,0,0,1,0,0,0,0,0,0,0,0
Goldfields,https://www.goldfields.com/pdf/investors/integrated-annual-reports/2019/tcfd-report-2019.pdf,TCFD,2019,Metals and Mining,South Africa,1,0,0,1,0,0,0,0,0,0,0,0
Goldfields,https://www.goldfields.com/pdf/tcfd-report/tcfd-report.pdf,TCFD,2018,Metals and Mining,South Africa,1,0,0,1,0,0,0,0,0,0,0,0
Georg Fischer AG,https://annual-report.georgfischer.com/21/en/tcfd-report/,TCFD,2022,Manufacturing,Switzerland,1,0,0,1,0,0,0,0,0,0,0,0
EY Global,https://assets.ey.com/content/dam/ey-sites/ey-com/en_gl/topics/sustainability/ey-tcfd-report-2022.pdf,TCFD,2023,Services,Global,1,0,0,1,0,0,0,0,0,0,0,0
Eni,https://www.eni.com/assets/documents/eng/just-transition/2020/Eni-for-2020-eng.pdf,TCFD,2020,Oil and Gas,Italy,1,0,0,1,0,0,0,0,0,0,0,0
Eni,https://www.eni.com/assets/documents/eng/just-transition/2019/Eni-for-2019-eng.pdf,TCFD,2019,Oil and Gas,Italy,1,0,0,1,0,0,0,0,0,0,0,0
Eni,https://www.eni.com/assets/documents/EniFor-2018-Decarbonization.pdf,TCFD,2018,Oil and Gas,Italy,1,0,0,1,0,0,0,0,0,0,0,0
Dundee Precious Metals,https://s27.q4cdn.com/486073686/files/doc_downloads/2021/01/TCFD-Report_v1_Preview.pdf,TCFD,2020,Metals and Mining,Canada,1,0,0,1,0,0,0,0,0,0,0,0
Credit Suisse,https://www.credit-suisse.com/sustainability/en/reports.html,"TCFD, SASB, GRI,",2022,Banks,Switzerland,1,0,0,1,1,0,0,0,0,0,1,0
Citi,https://www.citigroup.com/citi/sustainability/data/finance-for-a-climate-resilient-future-2.pdf?ieNocache=288,TCFD,2020,Banks,United States of America,1,0,0,1,0,0,0,0,0,0,0,0
Boston Trust Walden,https://www.bostontrustwalden.com/wp-content/uploads/2021/06/BTW-Task-Force-Climate-related-Financial-Disclosure-June-2021.pdf,TCFD,2021,Asset Managers,United States of America,1,0,0,1,0,0,0,0,0,0,0,0
BNP Paribas,https://cdn-group.bnpparibas.com/uploads/file/tcfd_2020_bnpparibas_en.pdf,TCFD,2020,Banks,France,1,0,0,1,0,0,0,0,0,0,0,0
BNP Paribas,https://group.bnpparibas/uploads/file/bnpparibas_tcfd_report_en.pdf,TCFD,2019,Banks,France,1,0,0,1,0,0,0,0,0,0,0,0
BHP,https://www.bhp.com/-/media/documents/investors/annual-reports/2020/200910_bhpclimatechangereport2020.pdf,TCFD,2020,Metals and Mining,Australia,1,0,0,1,0,0,0,0,0,0,0,0
BHP,https://www.bhp.com/-/media/bhp/documents/investors/reports/2016/bhpbillitonclimatechangeporfolioanalysis2016.pdf?,TCFD,2016,Metals and Mining,Australia,1,0,0,1,0,0,0,0,0,0,0,0
BHP,https://www.bhp.com/-/media/bhp/documents/investors/reports/2015/bhpbillitonclimatechangeporfolioanalysis2015.pdf?,TCFD,2015,Metals and Mining,Australia,1,0,0,1,0,0,0,0,0,0,0,0
BBVA,https://shareholdersandinvestors.bbva.com/wp-content/uploads/2020/10/BBVA-report-on-TCFD_Eng.pdf,TCFD,2020,Banks,Spain,1,0,0,1,0,0,0,0,0,0,0,0
Barclays,https://home.barclays/content/dam/home-barclays/documents/investor-relations/reports-and-events/annual-reports/2020/Barclays-TCFD-Report-2020.pdf,TCFD,2020,Banks,United Kingdom,1,0,0,1,0,0,0,0,0,0,0,0
Bank of England,https://www.bankofengland.co.uk/prudential-regulation/publication/2021/june/climate-related-financial-disclosure-2020-21,TCFD,2021,Banks,United Kingdom,1,0,0,1,0,0,0,0,0,0,0,0
Bank of England,https://www.bankofengland.co.uk/-/media/boe/files/annual-report/2020/climate-related-financial-disclosure-report-2019-20.pdf?la=en&#038;hash=5DA959C54540287A2E90C823807E089055E6721B,TCFD,2020,Banks,United Kingdom,1,0,0,1,0,0,0,0,0,0,0,0
AXA,https://www-axa-com.cdn.axa-contento-118412.eu/www-axa-com/db5d9f4b-4bb9-4029-ad51-b9e0e20301fb_2021_Climate_Report.pdf,"TCFD, SFDR",2021,Insurance,France,1,0,0,1,0,0,1,0,0,0,0,0
AXA,https://www-axa-com.cdn.axa-contento-118412.eu/www-axa-com%2F3800520b-ce0f-4aa7-908d-3ec367b21d39_2020_climate_report_axa.pdf,TCFD,2020,Insurance,France,1,0,0,1,0,0,0,0,0,0,0,0
AXA,https://www-axa-com.cdn.axa-contento-118412.eu/www-axa-com%2F667045c2-cc3c-4f65-a888-18753c463d9c_axa2019_ra_en_climate_report_2.pdf,TCFD,2019,Insurance,France,1,0,0,1,0,0,0,0,0,0,0,0
AXA,https://www-axa-com.cdn.axa-contento-118412.eu/www-axa-com%2Fcf61ff6c-ee1d-4dcb-92ba-ed243ae7f2fb_2018+tcfd+full+report+-+final+-+b.pdf,TCFD,2018,Insurance,France,1,0,0,1,0,0,0,0,0,0,0,0
AXA,https://www-axa-com.cdn.axa-contento-118412.eu/www-axa-com%2Ff570ad25-6178-47a0-afb9-59a5b7d3d70a_changementclimatique_rapport_risqueinvestissement_vf_30.08.17-b.pdf,TCFD,2017,Insurance,France,1,0,0,1,0,0,0,0,0,0,0,0
AXA,https://axa-prod.s3.amazonaws.com/www-axa-com%2Fcb46e9f7-8b1d-4418-a8a7-a68fba088db8_axa_investor_climate_report.pdf,TCFD,2016,Insurance,France,1,0,0,1,0,0,0,0,0,0,0,0
Aviva,https://www.aviva.com/sustainability/reporting/climate-related-financial-disclosure/,TCFD,2022,Insurance,United Kingdom,1,0,0,1,0,0,0,0,0,0,0,0
Aviva,https://www.aviva.com/sustainability/reporting/climate-related-financial-disclosure/,TCFD,2021,Insurance,United Kingdom,1,0,0,1,0,0,0,0,0,0,0,0
Aviva,https://www.aviva.com/sustainability/reporting/climate-related-financial-disclosure/,TCFD,2020,Insurance,United Kingdom,1,0,0,1,0,0,0,0,0,0,0,0
Aviva,https://www.aviva.com/sustainability/reporting/climate-related-financial-disclosure/,TCFD,2019,Insurance,United Kingdom,1,0,0,1,0,0,0,0,0,0,0,0
Aviva,https://www.aviva.com/sustainability/reporting/climate-related-financial-disclosure/,TCFD,2018,Insurance,United Kingdom,1,0,0,1,0,0,0,0,0,0,0,0
Australia and New Zealand Banking Group,https://www.anz.com.au/about-us/esg-priorities/environmental-sustainability/climate-change/,"TCFD, TNFD",2023,Banks,Australia,1,0,1,1,0,0,0,0,0,0,0,0
ATP,https://www.atp.dk/en/dokument/climate-2020,TCFD,2020,Asset Owners,Denmark,1,0,0,1,0,0,0,0,0,0,0,0
ATP,https://www.atp.dk/en/dokument/climate-change-2019,TCFD,2019,Asset Owners,Denmark,1,0,0,1,0,0,0,0,0,0,0,0
ATP,https://www.atp.dk/en/dokument/responsibility-report-2018,TCFD,2018,Asset Owners,Denmark,1,0,0,1,0,0,0,0,0,0,0,0
ArcelorMittal,https://corporate-media.arcelormittal.com/media/hs4nmyya/am_climateactionreport_1.pdf,TCFD,2019,Construction Materials,Luxembourg,1,0,0,1,0,0,0,0,0,0,0,0
ArcelorMittal,https://corporate-media.arcelormittal.com/media/ob3lpdom/car_2.pdf,TCFD,2021,Construction Materials,Luxembourg,1,0,0,1,0,0,0,0,0,0,0,0
American Electric Power,http://aepsustainability.com/performance/report/docs/AEPs-Climate-Impact-Analysis-2021.pdf,TCFD,2021,Electric and Gas Utilities,United States of America,1,0,0,1,0,0,0,0,0,0,0,0
Alecta,https://www.alecta.se/globalassets/dokument/finansiella-rapporter/klimatredovisning/alecta-klimatredovisning-2020.pdf,TCFD,2020,Asset Owners,Sweden,1,0,0,1,0,0,0,0,0,0,0,0
Alecta,https://www.alecta.se/globalassets/dokument/finansiella-rapporter/klimatredovisning/alecta-klimatredovisning-2019.pdf,TCFD,2019,Asset Owners,Sweden,1,0,0,1,0,0,0,0,0,0,0,0
AIMCO,https://assets.ctfassets.net/lyt4cjmefjno/AEGMTeYYepLWNTYU7hcjT/1b19aad92e2249f3b0c99a310e7564f4/AIMCO-TCFD.pdf,TCFD,2020,Asset Managers,Canada,1,0,0,1,0,0,0,0,0,0,0,0
AIMCO,https://assets.ctfassets.net/lyt4cjmefjno/75aeFZ9V6TfdNEUYyhvrn7/4bf4579dcb549fb1653b9bdcf27d921c/AIMCo_s_Strategic_Response_to_Climate_Change_2020.pdf,TCFD,2019,Asset Managers,Canada,1,0,0,1,0,0,0,0,0,0,0,0
Aberdeen Standard Investments,https://www.aberdeenstandard.com/docs?editionId=58173dc7-39ba-41dc-aa19-3350d15cf6e5,TCFD,2021,Asset Managers,United Kingdom,1,0,0,1,0,0,0,0,0,0,0,0