Company,Report URL,Type of Report,Year Published,Industry,Geography,Status
Zurich,https://www.zurich.co.uk/-/media/project/zwp/united-kingdom/docs/about-us/cr/zurich_climatewise_report_2020.pdf,TCFD,2020,Insurance,Switzerland,
Zurich,https://www.zurich.co.uk/-/media/project/zwp/united-kingdom/docs/about-us/cr/zurich_climatewise_report_2019.pdf,TCFD,2019,Insurance,Switzerland,
Xcel Energy,https://s25.q4cdn.com/680186029/files/doc_downloads/2023/01/Managing-Risks-Opportunities-in-the-Net-Zero-Transition-(TCFD-Response).pdf,TCFD,2023,Electric and Gas Utilities,United States of America,
Xcel Energy,https://s25.q4cdn.com/680186029/files/doc_downloads/irw/TCFD/Managing-Risks-Opportunities-in-a-Clean-Energy-Future-(TCFD-response).pdf,TCFD,2020,Electric and Gas Utilities,United States of America,
Wolfspeed,https://assets.wolfspeed.com/uploads/2022/10/Wolfspeed_Sustainability_Report_2022.pdf,"TCFD,SASB,GRI,UN_SDGs",2022,"Energy Equipment and Services, Manufacturing",United States of America,
WEC Energy Group,https://www.wecenergygroup.com/csr/climate-report.pdf,TCFD,2019,Electric and Gas Utilities,United States of America,
Vodafone,https://investors.vodafone.com/sites/vodafone-ir/files/2021-05/vodafone-tcfd-report-2021.pdf,TCFD,2021,IT and Communications Services,United Kingdom,
Vistra,https://www.vistracorp.com/wp-content/uploads/2020/11/VST-2020-Climate-Report.pdf,TCFD,2020,Electric and Gas Utilities,United States of America,
Van Lanschot Kempen,https://www.vanlanschotkempen.com/media/4351/task-force-on-climate-related-financial-disclosures-25-02-2021.pdf,TCFD,2021,Asset Managers,Netherlands,
Van Lanschot Kempen,https://www.vanlanschotkempen.com/media/3737/task-force-on-climate-related-financial-disclosures-03-2020.pdf,TCFD,2020,Asset Managers,Netherlands,
Valero Energy,https://s23.q4cdn.com/587626645/files/doc_downloads/esg_reports/Review_of_Climate-Related_Risks_and_Opportunities_Web.pdf,TCFD,2018,Oil and Gas,United States of America,
TotalEnergies,https://totalenergies.com/sites/g/files/nytnzq121/files/documents/2020-10/total-climate-report-2020.pdf,TCFD,2020,Oil and Gas,France,
TD Bank,https://www.td.com/document/PDF/ESG/2020-TCFD-Report.pdf,TCFD,2020,Banks,Canada,
Taiwan Semiconductor Manufacturing Company (TSMC),https://esg.tsmc.com/download/file/2022-TCFDReport-e.pdf,TCFD,2023,Manufacturing,Taiwan,
SThree Plc,https://www.tcfdhub.org/wp-content/uploads/2022/06/39322-SThree-TCFD-Report-PF2_23.02.22.pdf,TCFD,2022,Recruiting,United Kingdom,
Standard Chartered,https://av.sc.com/corp-en/content/docs/tcfd-climate-change-disclosure.pdf,TCFD,2020,Banks,United Kingdom,
Société Générale,https://www.societegenerale.com/sites/default/files/documents/2020-12/societe-generale-climate-disclosure-report.pdf,TCFD,2020,Banks,France,
SK hynix,https://mis-prod-koce-homepage-cdn-01-blob-ep.azureedge.net/web/attach/4325948666031769.pdf,TCFD,2022,Manufacturing,South Korea,
Sasol,https://www.sasol.com/sites/default/files/financial_reports/SASOL%20CCR%202020.pdf,TCFD,2020,Electric and Gas Utilities,South Africa,
Santander Group,https://www.santander.com/content/dam/santander-com/en/documentos/informe-anual-de-sostenibilidad/2020/ias-2020-climate-finance-2020-21-en.pdf,TCFD,2021,Banks,Spain,
Santander Group,https://www.santander.com/content/dam/santander-com/en/documentos/informe-anual-de-sostenibilidad/2019/ias-2019-climate-finance-2019-20-en.pdf,TCFD,2020,Banks,Spain,
Salesforce,https://s23.q4cdn.com/574569502/files/doc_downloads/2021/10/Salesforce-TCFD-Report.pdf,TCFD,2021,IT and Communications Services,United States of America,
Royal Dutch Shell,https://www.shell.com/promos/energy-and-innovation/shell-energy-transition-strategy/_jcr_content.stream/1618407326759/7c3d5b317351891d2383b3e9f1e511997e516639/shell-energy-transition-strategy-2021.pdf,TCFD,2021,Oil and Gas,Netherlands,
Royal Dutch Shell,https://www.shell.com/promos/business-customers-promos/download-latest-scenario-sky/_jcr_content.stream/1530643931055/eca19f7fc0d20adbe830d3b0b27bcc9ef72198f5/shell-scenario-sky.pdf,TCFD,2018,Oil and Gas,Netherlands,
Royal Bank of Canada,https://www.rbc.com/community-social-impact/_assets-custom/pdf/RBC-TCFD-Report-2020.PDF,TCFD,2020,Banks,Canada,
Royal Bank of Canada,https://www.rbc.com/community-social-impact/_assets-custom/pdf/RBC-TCFD-Report-2019.PDF,TCFD,2019,Banks,Canada,
Rio Tinto,https://www.riotinto.com/-/media/Content/Documents/Invest/Reports/Climate-Change-reports/RT-climate-report-2020.pdf?rev=c415a8138bd7408496ccb3834511abc0,TCFD,2020,Metals and Mining,United Kingdom,
Renault,https://www.renaultgroup.com/wp-content/uploads/2021/04/climate-report-renault-group.pdf,TCFD,2021,Automobiles and Components,France,
Regions Financial Corporation,https://ir.regions.com/~/media/Files/R/Regions-IR/documents/governance-documents/2020-task-force-on-climate-related-financial-disclosures-tcfd-report.pdf,TCFD,2020,Banks,United States of America,
Regency Centres,https://regcorpweb.blob.core.windows.net/sitefinityfiles/docs/default-source/corporate-responsibility/2020-tcfd-report.pdf?sfvrsn=f3b73e48_2,TCFD,2020,Asset Managers,United States of America,
RBC Global Asset Management,https://www.rbcgam.com/documents/en/other/2020-rbc-gam-tcfd-report.pdf,TCFD,2020,Asset Managers,Canada,
QBE,https://www.qbe.com/sustainability/climate-change,TCFD,2021,Insurance,Austria,
PhosAgro,https://www.phosagro.com/upload/iblock/e15/e15bf1098983dd8976a69b3e55184580.pdf,TCFD,2020,Chemicals,Russia,
Petrobras,https://api.mziq.com/mzfilemanager/v2/d/25fdf098-34f5-4608-b7fa-17d60b2de47d/213aa8f9-2bfc-0b3b-afd0-195d22555f27?origin=1,TCFD,2020,Oil and Gas,Brazil,
Nedbank Group,https://www.nedbank.co.za/content/dam/nedbank/site-assets/AboutUs/Information%20Hub/Integrated%20Report/2021/2020%20Nedbank%20Group%20TCFD%20Report%20(single%20page).pdf,TCFD,2020,Banks,South Africa,
NatWest Group,https://investors.natwestgroup.com/~/media/Files/R/RBS-IR-V2/results-center/19022021/2020-climate-related-disclosure-report.pdf,TCFD,2020,Banks,United Kingdom,
Mizuho Financial Group,https://www.mizuhogroup.com/binaries/content/assets/pdf/mizuhoglobal/sustainability/overview/report/tcfd_report.pdf,TCFD,2021,Banks,Japan,
Mizuho Financial Group,https://www.mizuhogroup.com/binaries/content/assets/pdf/mizuhoglobal/sustainability/overview/report/tcfd_report.pdf,TCFD,2020,Banks,Japan,
Marathon Petroleum,https://www.marathonpetroleum.com/content/documents/Responsibility/2020-MPC-MPLX-ClimateReport.pdf,TCFD,2020,Oil and Gas,United States of America,
Macquarie Group,https://www.macquarie.com/assets/macq/impact/esg/policies/fy21-tcfd-implementation-progress-and-scenario-analysis.pdf,TCFD,2021,Banks,Australia,
Macquarie Group,https://www.macquarie.com/assets/macq/impact/esg/policies/tcfd-implementation-progress-and-scenario-analysis-fy20.pdf,TCFD,2020,Banks,Australia,
Legal &#038; General,https://group.legalandgeneral.com/media/0i2agi1s/fy2020-lg-tcfd-report.pdf,TCFD,2020,Insurance,United Kingdom,
Lazard Asset Management,https://www.lazardassetmanagement.com/docs/-m0-/118602/TaskForceOnClimate-RelatedFinancial_en.pdf,TCFD,2021,Asset Managers,United States of America,
Landsec,https://landsec.com/sites/default/files/2021-06/Net%20Zero%20Carbon%20Pathway_FINAL.pdf,TCFD,2021,Real Estate Management and Development,United Kingdom,
KB Financial Group Inc.,https://www.kbfg.com/common/jsp/fileDownUtil.jsp?filepath=/Kor/esg/__attachFile/2022_KBFG_TCFD_Report.pdf,TCFD,2022,Financial Services,South Korea,
KB Financial Group Inc.,https://www.kbfg.com/common/jsp/fileDownUtil.jsp?filepath=/Kor/esg/__attachFile/2021%20KBFG%20TCFD%20Report.pdf,TCFD,2021,Financial Services,South Korea,
JP Morgan Chase,https://www.jpmorganchase.com/content/dam/jpmc/jpmorgan-chase-and-co/documents/jpmc-cr-climate-report-2019.pdf,TCFD,2019,Banks,United States of America,
Irish Life Investment Managers (ILIM),https://www.ilim.com/media/1812/tcfd-2020-report.pdf,TCFD,2021,Asset Managers,Ireland,
Investor AB,https://www.investorab.com/media/wiid2rbh/climate-report-2020.pdf,TCFD,2020,Asset Managers,Sweden,
Invesco,https://www.invesco.com/content/dam/invesco/apac/en/pdf/insights/2020/july-2020/invesco-tcfd-task-force-on-climate-related-financial-disclosures-report-jul-2020.pdf,TCFD,2019,Asset Managers,United States of America,
ING Groep,https://www.ing.com/Sustainability/Sustainable-business/Terra-approach.htm,TCFD,2020,Banks,Netherlands,
ING Groep,https://www.ing.com/Sustainability/Sustainable-business/Terra-approach.htm,TCFD,2019,Banks,Netherlands,
HSBC Holdings,https://www.hsbc.com/esg,TCFD,2020,Banks,United Kingdom,
GPT Group,https://www.gpt.com.au/sites/default/files/2021-02/Climate%20Disclosure%20Statement.pdf,TCFD,2021,Real Estate Management and Development,Australia,
GPT Group,https://www.gpt.com.au/sites/default/files/document/GPT%202020%20TCFD%20Climate%20Disclosure_3.pdf,TCFD,2020,Real Estate Management and Development,Australia,
Goldman Sachs,https://www.goldmansachs.com/investor-relations/corporate-governance/sustainability-reporting/tcfd.pdf,TCFD,2019,Banks,United States of America,
Goldfields,https://www.goldfields.com/pdf/investors/integrated-annual-reports/2020/tcfd-report-2020-gold-fields.pdf,TCFD,2020,Metals and Mining,South Africa,
Goldfields,https://www.goldfields.com/pdf/investors/integrated-annual-reports/2019/tcfd-report-2019.pdf,TCFD,2019,Metals and Mining,South Africa,
Goldfields,https://www.goldfields.com/pdf/tcfd-report/tcfd-report.pdf,TCFD,2018,Metals and Mining,South Africa,
Georg Fischer AG,https://annual-report.georgfischer.com/21/en/tcfd-report/,TCFD,2022,Manufacturing,Switzerland,
EY Global,https://assets.ey.com/content/dam/ey-sites/ey-com/en_gl/topics/sustainability/ey-tcfd-report-2022.pdf,TCFD,2023,Services,Global,
Eni,https://www.eni.com/assets/documents/eng/just-transition/2020/Eni-for-2020-eng.pdf,TCFD,2020,Oil and Gas,Italy,
Eni,https://www.eni.com/assets/documents/eng/just-transition/2019/Eni-for-2019-eng.pdf,TCFD,2019,Oil and Gas,Italy,
Eni,https://www.eni.com/assets/documents/EniFor-2018-Decarbonization.pdf,TCFD,2018,Oil and Gas,Italy,
Dundee Precious Metals,https://s27.q4cdn.com/486073686/files/doc_downloads/2021/01/TCFD-Report_v1_Preview.pdf,TCFD,2020,Metals and Mining,Canada,
Deutsche Bank,https://www.db.com/ir/en/download/2020_Climate_Statement_12_08_2020.pdf,TCFD,2020,Banks,Germany,
Daimler,https://www.daimler.com/dokumente/investoren/berichte/geschaeftsberichte/daimler/daimler-ir-tcfd-report-2020.pdf,TCFD,2020,Automobiles and Components,Germany,
Credit Suisse,https://www.credit-suisse.com/sustainability/en/reports.html,TCFD,2020,Banks,Switzerland,
Citi,https://www.citigroup.com/citi/sustainability/data/finance-for-a-climate-resilient-future-2.pdf?ieNocache=288,TCFD,2020,Banks,United States of America,
Canadian National Railway,https://www.cn.ca/en/delivering-responsibly/reports-and-presentations/,TCFD,2019,Rail Transportation,Canada,
BP,https://www.bp.com/content/dam/bp/business-sites/en/global/corporate/pdfs/sustainability/bp-tcfd-2020.pdf,TCFD,2020,Oil and Gas,United Kingdom,
Boston Trust Walden,https://www.bostontrustwalden.com/wp-content/uploads/2021/06/BTW-Task-Force-Climate-related-Financial-Disclosure-June-2021.pdf,TCFD,2021,Asset Managers,United States of America,
BNP Paribas,https://cdn-group.bnpparibas.com/uploads/file/tcfd_2020_bnpparibas_en.pdf,TCFD,2020,Banks,France,
BNP Paribas,https://group.bnpparibas/uploads/file/bnpparibas_tcfd_report_en.pdf,TCFD,2019,Banks,France,
BMO,https://our-impact.bmo.com/wp-content/uploads/2021/01/BMO-2020-Climate-Report.pdf,TCFD,2020,Banks,Canada,
BlackRock,https://www.blackrock.com/corporate/literature/continuous-disclosure-and-important-information/tcfd-report-2020-blkinc.pdf,TCFD,2020,Asset Managers,United States of America,
Biogen,https://www.biogen.com/content/dam/corporate/en_us/YIR-2020/pdfs/TCFD-Disclosure-Statement.pdf,TCFD,2020,Chemicals,United States of America,
BHP,https://www.bhp.com/-/media/documents/investors/annual-reports/2020/200910_bhpclimatechangereport2020.pdf,TCFD,2020,Metals and Mining,Australia,
BHP,https://www.bhp.com/-/media/bhp/documents/investors/reports/2016/bhpbillitonclimatechangeporfolioanalysis2016.pdf?,TCFD,2016,Metals and Mining,Australia,
BHP,https://www.bhp.com/-/media/bhp/documents/investors/reports/2015/bhpbillitonclimatechangeporfolioanalysis2015.pdf?,TCFD,2015,Metals and Mining,Australia,
BBVA,https://shareholdersandinvestors.bbva.com/wp-content/uploads/2020/10/BBVA-report-on-TCFD_Eng.pdf,TCFD,2020,Banks,Spain,
Barclays,https://home.barclays/content/dam/home-barclays/documents/investor-relations/reports-and-events/annual-reports/2020/Barclays-TCFD-Report-2020.pdf,TCFD,2020,Banks,United Kingdom,
Banque de France,https://www.banque-france.fr/sites/default/files/media/2021/03/30/rapport_ir_2020_angl.pdf,TCFD,2020,Banks,France,
Banque de France,https://www.banque-france.fr/sites/default/files/media/2019/03/26/banque-de-france-responsible-investment-report-2018_0.pdf,TCFD,2018,Banks,France,
Bank of England,https://www.bankofengland.co.uk/prudential-regulation/publication/2021/june/climate-related-financial-disclosure-2020-21,TCFD,2021,Banks,United Kingdom,
Bank of England,https://www.bankofengland.co.uk/-/media/boe/files/annual-report/2020/climate-related-financial-disclosure-report-2019-20.pdf?la=en&#038;hash=5DA959C54540287A2E90C823807E089055E6721B,TCFD,2020,Banks,United Kingdom,
Bank of America,https://about.bankofamerica.com/assets/pdf/task-force-climate-financial-disclosures-report.pdf,TCFD,2020,Banks,United States of America,
AXA Investment Managers,https://realassets.axa-im.com/documents/23818/221263/AXA+IM+-TCFD+Report+Highlights+EN-+Updated+-+160720+FINAL.pdf/81815696-075e-d04e-12bb-8faa7dc4a639?t=1594975520369,TCFD,2020,Asset Managers,France,
AXA,https://www-axa-com.cdn.axa-contento-118412.eu/www-axa-com/db5d9f4b-4bb9-4029-ad51-b9e0e20301fb_2021_Climate_Report.pdf,TCFD,2021,Insurance,France,
AXA,https://www-axa-com.cdn.axa-contento-118412.eu/www-axa-com%2F3800520b-ce0f-4aa7-908d-3ec367b21d39_2020_climate_report_axa.pdf,TCFD,2020,Insurance,France,
AXA,https://www-axa-com.cdn.axa-contento-118412.eu/www-axa-com%2F667045c2-cc3c-4f65-a888-18753c463d9c_axa2019_ra_en_climate_report_2.pdf,TCFD,2019,Insurance,France,
AXA,https://www-axa-com.cdn.axa-contento-118412.eu/www-axa-com%2Fcf61ff6c-ee1d-4dcb-92ba-ed243ae7f2fb_2018+tcfd+full+report+-+final+-+b.pdf,TCFD,2018,Insurance,France,
AXA,https://www-axa-com.cdn.axa-contento-118412.eu/www-axa-com%2Ff570ad25-6178-47a0-afb9-59a5b7d3d70a_changementclimatique_rapport_risqueinvestissement_vf_30.08.17-b.pdf,TCFD,2017,Insurance,France,
AXA,https://axa-prod.s3.amazonaws.com/www-axa-com%2Fcb46e9f7-8b1d-4418-a8a7-a68fba088db8_axa_investor_climate_report.pdf,TCFD,2016,Insurance,France,
AXA,https://www-axa-com.cdn.axa-contento-118412.eu/www-axa-com%2Fff4a79ff-c543-4fc0-a422-8258145fffcb_2015_climate_change_investment_risk_analysis_montreal_pledge_va.pdf,TCFD,2015,Insurance,France,
Aviva,https://www.aviva.com/sustainability/reporting/climate-related-financial-disclosure/,TCFD,2020,Insurance,United Kingdom,
Aviva,https://www.aviva.com/sustainability/reporting/climate-related-financial-disclosure/,TCFD,2019,Insurance,United Kingdom,
Aviva,https://www.aviva.com/sustainability/reporting/climate-related-financial-disclosure/,TCFD,2018,Insurance,United Kingdom,
Aviva,https://www.aviva.com/sustainability/reporting/climate-related-financial-disclosure/,TCFD,2017,Insurance,United Kingdom,
Aviva,https://www.aviva.com/sustainability/reporting/climate-related-financial-disclosure/,TCFD,2016,Insurance,United Kingdom,
Australia and New Zealand Banking Group,https://www.anz.com.au/about-us/esg-priorities/environmental-sustainability/climate-change/,TCFD,2020,Banks,Australia,
Aurizon,https://www.aurizon.com.au/sustainability,TCFD,2020,Rail Transportation,Australia,
ATP,https://www.atp.dk/en/dokument/climate-2020,TCFD,2020,Asset Owners,Denmark,
ATP,https://www.atp.dk/en/dokument/climate-change-2019,TCFD,2019,Asset Owners,Denmark,
ATP,https://www.atp.dk/en/dokument/responsibility-report-2018,TCFD,2018,Asset Owners,Denmark,
ArcelorMittal,https://corporate-media.arcelormittal.com/media/hs4nmyya/am_climateactionreport_1.pdf,TCFD,2019,Construction Materials,Luxembourg,
ArcelorMittal,https://corporate-media.arcelormittal.com/media/ob3lpdom/car_2.pdf,TCFD,2021,Construction Materials,Luxembourg,
AP2,https://ap2.se/app/uploads/2021/03/TCFD-Report-2020.pdf,TCFD,2020,Asset Owners,Sweden,
American Electric Power,http://aepsustainability.com/performance/report/docs/AEPs-Climate-Impact-Analysis-2021.pdf,TCFD,2021,Electric and Gas Utilities,United States of America,
Alecta,https://www.alecta.se/globalassets/dokument/finansiella-rapporter/klimatredovisning/alecta-klimatredovisning-2020.pdf,TCFD,2020,Asset Owners,Sweden,
Alecta,https://www.alecta.se/globalassets/dokument/finansiella-rapporter/klimatredovisning/alecta-klimatredovisning-2019.pdf,TCFD,2019,Asset Owners,Sweden,
AIMCO,https://assets.ctfassets.net/lyt4cjmefjno/AEGMTeYYepLWNTYU7hcjT/1b19aad92e2249f3b0c99a310e7564f4/AIMCO-TCFD.pdf,TCFD,2020,Asset Managers,Canada,
AIMCO,https://assets.ctfassets.net/lyt4cjmefjno/75aeFZ9V6TfdNEUYyhvrn7/4bf4579dcb549fb1653b9bdcf27d921c/AIMCo_s_Strategic_Response_to_Climate_Change_2020.pdf,TCFD,2019,Asset Managers,Canada,
AGL Energy,https://www.agl.com.au/-/media/aglmedia/documents/about-agl/investors/results-centre/2020/pathways-to-2050_130820.pdf?la=en&#038;hash=9DC5D8FE10577CA5061ECF3A047892CB,TCFD,2020,Multi-Utilities,Australia,
AGL Energy,https://www.agl.com.au/-/media/aglmedia/documents/about-agl/investors/special-reports/fy19-carbon-scenario-analysis-070819.pdf?la=en&#038;hash=BC3236BEFEDF51D9866BEBC9C2CC9964,TCFD,2019,Multi-Utilities,Australia,
AGL Energy,https://www.agl.com.au/-/media/aglmedia/documents/about-agl/sustainability/sustainability-report/2018-tcfd.pdf?la=en&#038;hash=7B41447FB56E6111DA5B672D8B68803E,TCFD,2018,Multi-Utilities,Australia,
Acciona,https://annualreport2018.acciona.com/static/pdf/en/Climate-change.pdf,TCFD,2018,Electric and Gas Utilities,Spain,
Aberdeen Standard Investments,https://www.aberdeenstandard.com/docs?editionId=58173dc7-39ba-41dc-aa19-3350d15cf6e5,TCFD,2021,Asset Managers,United Kingdom,